{
  "Qwen-1.5B": {
    "a": 5.3506127298600604e-09,
    "b": 0.0001302639796740004,
    "c": 0.03047779492308794
  },
  "LLaMA-8B": {
    "a": 1.8153836646355426e-08,
    "b": 0.0008787885640041267,
    "c": 0.044164154374874184
  },
  "Qwen-14B": {
    "a": 1.3440843835758478e-08,
    "b": 0.001605701926081594,
    "c": 0.09672644403855066
  }
}